Version,Timestamp,LinesOfCode
v4.0.89,2025-12-14T13:44:26+00:00,9434
v4.0.90,2025-12-16T09:20:01+00:00,9436
v4.0.91,2025-12-16T10:06:42+00:00,9704
v4.0.92,2025-12-18T19:55:50+00:00,9726
v4.0.93,2025-12-18T20:21:35+00:00,9727
v4.0.94,2025-12-18T20:46:09+00:00,9731
v4.0.95,2025-12-18T21:16:05+00:00,9737
v4.0.96,2025-12-18T21:25:44+00:00,9737
v4.1.0,2025-12-20T12:16:52+00:00,9824
v4.1.1,2025-12-20T14:40:02+00:00,9864
v4.1.2,2025-12-20T15:31:53+00:00,9854
v4.1.3,2025-12-20T15:52:30+00:00,9902
v4.1.4,2025-12-20T17:11:38+00:00,9921
v4.1.5,2025-12-20T17:25:16+00:00,9931
v4.1.6,2025-12-20T17:47:56+00:00,9930
v4.1.7,2025-12-21T09:15:16+00:00,9961
v4.1.8,2025-12-21T09:56:52+00:00,9983
v4.1.9,2025-12-21T14:26:58+00:00,9984
v4.2.0,2025-12-22T14:34:34+00:00,10046
v4.2.1,2025-12-22T15:01:26+00:00,10065
v4.2.2,2025-12-22T19:58:14+00:00,10074
v4.2.3,2025-12-22T21:39:37+00:00,10092
v4.2.4,2025-12-22T21:54:02+00:00,10092
v4.2.5,2025-12-22T22:14:45+00:00,10093
v4.2.6,2025-12-22T23:03:32+00:00,10097
v4.2.7,2025-12-22T23:21:18+00:00,10097
v4.2.8,2025-12-23T00:09:27+00:00,10098
v4.2.9,2025-12-24T14:32:27+00:00,10102
v4.2.10,2025-12-26T20:49:19+00:00,10102
v4.2.11,2025-12-26T22:20:47+00:00,10103
v4.2.12,2025-12-26T22:45:29+00:00,10106
v4.2.13,2025-12-28T09:29:49+00:00,10103
v4.2.14,2025-12-30T16:07:58+00:00,10106
v4.2.15,2025-12-30T16:30:26+00:00,10106
v4.2.16,2026-01-01T16:56:19+00:00,10108
v4.2.17,2026-01-01T17:39:21+00:00,10110
v4.2.18,2026-01-02T17:29:52+00:00,10116
v4.2.19,2026-01-03T15:04:01+00:00,10121
v4.2.20,2026-01-04T12:47:55+00:00,10128
v4.2.21,2026-01-04T13:26:12+00:00,10133
v4.2.22,2026-01-04T18:20:27+00:00,10146
v4.2.23,2026-01-04T19:05:06+00:00,10153
v4.2.24,2026-01-04T19:36:04+00:00,10153
v4.2.25,2026-01-04T20:09:09+00:00,10153
v4.2.26,2026-01-10T08:40:27+00:00,10155
v4.2.27,2026-01-10T19:43:45+00:00,10155
v4.2.28,2026-01-12T19:33:13+00:00,10230
v4.2.29,2026-01-12T20:58:26+00:00,10233
v4.2.30,2026-01-13T16:16:12+00:00,10245
v4.2.31,2026-01-25T17:40:33+00:00,10245
v4.2.32,2026-01-28T19:27:48+00:00,10536
v4.2.33,2026-01-30T22:10:59+00:00,10539
v4.2.34,2026-01-31T13:27:23+00:00,10539
v4.2.35,2026-01-31T14:00:16+00:00,10542
v4.2.36,2026-02-01T23:14:33+00:00,10542
v4.2.37,2026-02-04T19:40:28+00:00,10520
v4.2.38,2026-02-08T20:34:55+00:00,10542
v4.2.39,2026-02-19T19:23:39+00:00,10643
v4.2.40,2026-02-20T16:52:29+00:00,10659
v4.2.41,2026-02-23T22:41:07+00:00,10669
v4.2.42,2026-02-24T21:13:01+00:00,10741
v4.2.43,2026-02-24T22:04:20+00:00,10743
v4.2.44,2026-03-03T22:39:25+00:00,10754
v4.2.45,2026-03-03T23:18:29+00:00,10780
v4.2.46,2026-03-09T18:28:27+00:00,10825
v4.2.47,2026-03-10T19:47:47+00:00,10979
v4.2.48,2026-03-17T20:14:56+00:00,10989
v4.2.49,2026-03-19T17:51:20+00:00,10993
v4.2.50,2026-03-19T18:04:07+00:00,10991
v4.2.51,2026-03-23T20:32:20+00:00,11000
v4.2.52,2026-03-25T22:52:27+00:00,11001
v4.2.53,2026-03-27T01:04:55+00:00,10464
v4.2.54,2026-03-27T23:33:27+00:00,10475
v4.2.55,2026-03-28T13:32:51+00:00,10482
v4.2.56,2026-03-28T21:31:38+00:00,10549
v4.2.57,2026-03-30T16:47:36+00:00,10565
v4.2.58,2026-03-30T22:38:32+00:00,10575
v4.2.59,2026-03-31T23:48:14+00:00,10717
v4.2.60,2026-04-02T19:11:40+00:00,10784
v4.2.61,2026-04-03T13:52:16+00:00,10787
v4.2.62,2026-04-03T17:38:21+00:00,10779
v4.2.63,2026-04-06T15:08:35+00:00,10780
v4.2.64,2026-04-06T18:40:15+00:00,10799
v4.2.65,2026-04-06T21:10:56+00:00,10799
v4.2.66,2026-04-07T16:09:52+00:00,10799
v4.2.67,2026-04-07T20:02:44+00:00,10799
v4.2.68,2026-04-07T21:57:05+00:00,10800
v4.2.69,2026-04-07T22:43:23+00:00,10801
v4.2.70,2026-04-21T18:59:05+00:00,10912
v4.2.71,2026-04-22T19:03:06+00:00,10907
v4.2.72,2026-04-22T19:39:59+00:00,10908
v4.2.73,2026-04-26T17:17:07+00:00,10926
v4.2.74,2026-04-27T19:19:03+00:00,10933
v4.2.75,2026-05-02T09:04:13+00:00,10935
v4.2.76,2026-05-02T09:39:54+00:00,10948
v4.2.77,2026-05-06T17:56:50+00:00,11119
v4.2.78,2026-05-08T17:04:05+00:00,11228
v4.2.79,2026-05-09T12:27:09+00:00,11351
v4.2.80,2026-05-09T13:05:13+00:00,11350
v4.2.81,2026-05-12T19:59:33+00:00,11416
v4.2.82,2026-05-15T14:35:32+00:00,11413
v4.2.83,2026-05-15T15:15:59+00:00,11413
v4.2.84,2026-05-18T18:38:18+00:00,11423
v4.2.85,2026-05-18T19:59:51+00:00,11423
v4.2.86,2026-05-18T21:51:54+00:00,11441
v4.2.87,2026-05-23T07:14:26+00:00,11423
v4.2.88,2026-05-23T13:36:47+00:00,11425
v4.2.89,2026-05-25T20:43:36+00:00,11425
v4.2.90,2026-05-31T07:57:50+00:00,11485
v4.2.91,2026-05-31T09:18:45+00:00,11487
v4.2.92,2026-05-31T10:39:40+00:00,11492
v4.2.93,2026-05-31T11:21:08+00:00,11492
v4.2.94,2026-05-31T12:03:13+00:00,11492
v4.2.95,2026-05-31T12:15:49+00:00,11495
v4.2.96,2026-06-01T14:59:30+00:00,11523
v4.2.97,2026-06-01T16:45:14+00:00,11523
v4.2.98,2026-06-01T18:01:45+00:00,11520
v4.2.99,2026-06-01T21:08:27+00:00,11520
v4.2.100,2026-06-02T06:09:27+00:00,11544
v4.2.101,2026-06-02T10:49:03+00:00,11544
v4.2.102,2026-06-02T15:55:06+00:00,11543
v4.2.103,2026-06-02T17:14:37+00:00,11551
v4.2.104,2026-06-02T17:56:00+00:00,11559
v4.2.105,2026-06-02T18:44:05+00:00,11619
v4.2.106,2026-06-02T21:12:24+00:00,11709
v4.2.107,2026-06-04T10:40:02+00:00,11701
v4.2.108,2026-06-04T16:14:28+00:00,11713
v4.2.109,2026-06-04T17:19:40+00:00,11713
v4.2.110,2026-06-04T17:58:49+00:00,11713
v4.2.111,2026-06-04T18:33:45+00:00,11713
v4.2.112,2026-06-04T20:48:19+00:00,11716
v4.2.113,2026-06-05T15:02:28+00:00,11776
v4.2.114,2026-06-05T16:00:06+00:00,11787
v4.2.115,2026-06-06T08:59:02+00:00,11839
v4.2.116,2026-06-06T09:47:02+00:00,11843
v4.2.117,2026-06-06T10:17:51+00:00,11866
v4.2.118,2026-06-06T11:42:09+00:00,11911
v4.2.119,2026-06-06T15:07:39+00:00,11923
v4.2.120,2026-06-07T12:30:10+00:00,11939
v4.2.121,2026-06-07T16:17:53+00:00,11947
v4.2.122,2026-06-07T17:26:13+00:00,12011
v4.2.123,2026-06-07T22:18:24+00:00,12026
v4.2.124,2026-06-08T10:38:08+00:00,12085
v4.2.125,2026-06-08T18:33:58+00:00,12137
v4.2.126,2026-06-08T21:16:36+00:00,12145
v4.2.127,2026-06-09T18:09:19+00:00,12148
v4.2.128,2026-06-09T18:28:05+00:00,12152
v4.2.129,2026-06-09T19:55:01+00:00,12169
v4.2.130,2026-06-09T20:40:46+00:00,12212
v4.2.131,2026-06-09T22:33:24+00:00,12307
v4.2.132,2026-06-10T18:39:33+00:00,12297
v4.2.133,2026-06-11T17:39:19+00:00,12291
v4.2.134,2026-06-12T14:37:42+00:00,12442
v4.2.135,2026-06-15T18:11:02+00:00,12603
v4.2.136,2026-06-16T20:13:31+00:00,12614
v4.2.137,2026-06-16T21:47:44+00:00,12650
v4.2.138,2026-06-17T05:37:41+00:00,12661
v4.2.139,2026-06-17T10:37:18+00:00,12730
v4.2.140,2026-06-18T21:21:01+00:00,12730
v4.2.141,2026-06-18T22:11:00+00:00,12731
v4.2.142,2026-06-20T00:00:08+00:00,12744
v4.2.143,2026-06-21T10:32:25+00:00,12761
v4.2.144,2026-06-21T15:52:48+00:00,12796
v4.2.145,2026-06-22T16:45:34+00:00,12976
v4.2.146,2026-06-22T17:19:52+00:00,12976
v4.2.147,2026-06-22T19:11:10+00:00,12978
v4.2.148,2026-06-22T20:07:56+00:00,12978
v4.2.149,2026-06-23T17:45:31+00:00,12982
v4.2.150,2026-06-23T18:54:55+00:00,12994
v4.2.151,2026-06-23T19:42:29+00:00,13020
v4.3.0,2026-06-23T23:50:49+00:00,13473
v4.3.1,2026-06-25T06:08:12+00:00,13473
v4.3.2,2026-06-25T18:22:01+00:00,13472
v4.3.3,2026-06-25T22:12:15+00:00,13473
v4.3.4,2026-06-29T06:06:15+00:00,13565
v4.3.5,2026-06-29T10:28:54+00:00,13599
v4.3.6,2026-06-29T11:30:16+00:00,13601
v4.3.7,2026-06-29T14:42:24+00:00,13620
v4.3.8,2026-06-29T16:24:40+00:00,13635
v4.3.9,2026-06-29T17:56:08+00:00,13645
v4.3.10,2026-06-29T18:15:24+00:00,13666
v4.3.11,2026-06-29T20:37:23+00:00,13690
v4.3.12,2026-06-29T21:41:46+00:00,13701
v4.3.13,2026-06-30T11:06:47+00:00,13745
v4.3.14,2026-06-30T20:27:55+00:00,13748
v4.3.15,2026-06-30T22:49:55+00:00,13750
v4.3.16,2026-06-30T23:27:20+00:00,13753
v4.3.17,2026-07-01T21:54:02+00:00,13756